{"data":[{"x":[0.0146990500886752,0.0168262875674092,0.0192750288777105,0.0220967095563321,0.0253515683913624,0.0291102631717271,0.033455801324341,0.0384858489721574,0.0443154945584264,0.0510805579537384,0.0589415530276282,0.0680884310043903,0.0787462532265207,0.0911819644247539,0.105712459652973,0.122714156855165,0.142634297863313,0.166004195974284,0.19345461668891,0.225733403002118,0.263725314450891,0.308473809114393,0.361204122308836,0.423346444556333,0.496557241858314,0.582735788158106,0.684031847581793,0.802839309837719,0.941769748583801,1.10359980091959,1.2911875146568,1.50735585268633,1.75474647901079,2.03565322705445,2.35185104638703,2.70444124340455,3.09373627280018,3.51920637933916,3.97950494368775,4.47257785995328,4.99584451853195,5.54641857251064,6.12132494020255,6.71767311139007,7.33276413026864,7.96412885070767,8.60950772330278,9.26678633156686,9.93390348755653,10.6087561767542,11.2891347939972,11.9727219394605,12.6571708777838,13.340251186959,14.0200255813381,14.6950168321533,15.3643358605795,16.0277576594101,16.6857376107029,17.3393557729553,17.9901716032814,18.6399798153267,19.2904847128734,19.9429466810763,20.5978816575863,21.2548940823546,21.9126906823657,22.5692693751134,23.2222284843912,23.8691156401729,24.5077368500058,25.1363651467057,25.7538143791059,26.3593723975037,26.9526180857292,27.5331751520528,28.1004743339265,28.6535950170904,29.1912320510965,29.7117890569584,30.2135530018713,30.6948785408269,31.1543182628222,31.5906710976076,32.0029641330671,32.3904100119189,32.7523826970884,33.0884342956883,33.3983491491374,33.6822120766085,33.9404622094702,34.17391116633,34.3837182225698,34.5713285528765,34.7383888843662,34.8866568342628,35.0179173574315,35.133914658916,35.2363028457989,35.3266147552425,35.4062461465889],"y":[0.141893121306208,0.15166295595284,0.162150910472957,0.173415421753159,0.185520303398986,0.198535285263405,0.212536603039966,0.22760763891391,0.243839612322704,0.261332316865429,0.280194894865629,0.300546634415911,0.322517764082271,0.346250206724893,0.371898234695036,0.399628942265499,0.429622415543348,0.462071433209931,0.497180471493909,0.535163713260839,0.576241676132862,0.620635985339279,0.668561739292595,0.72021687840025,0.77576801644704,0.835332394301954,0.898956046367091,0.966589001840545,1.03805939349299,1.11304961244085,1.19107883151694,1.27149681953373,1.35349341131045,1.43612597516713,1.51836408449742,1.59914743536893,1.6774510038939,1.75235060059911,1.82308115158198,1.88907844577077,1.94999465139436,2.00568233175237,2.05615161422281,2.10151491933084,2.141935509408,2.17758856830077,2.20863376533294,2.23519530987366,2.25735125176826,2.27514092869562,2.28859833764792,2.29780745323734,2.30296154055004,2.30440435478561,2.30264075675441,2.29831938070557,2.29219793882746,2.28509737866136,2.27784080039648,2.27116861202237,2.26563033998788,2.261472854767,2.25856215114906,2.25637712709274,2.25409324225343,2.25073989530918,2.24538641526926,2.2373036984553,2.22606334646438,2.21156108839233,2.19397158834342,2.17365211574276,2.15101724852866,2.12641108540969,2.10000698017757,2.07176235970913,2.04144325167724,2.00871077531535,1.97323789568014,1.93481113631405,1.89337826456373,1.84902886227226,1.80192728707735,1.75223850268728,1.70008555727884,1.6455565823975,1.58875292895631,1.52985232361202,1.46915801299636,1.40711455884694,1.34428618039668,1.28130691633011,1.21881884767509,1.15741448443856,1.09759439642831,1.0397445265676,0.984131998214433,0.930914871149568,0.880160224439442,0.831865476542845,0.785979181037676],"text":["score:  0.01469905<br />sem: 0.1418931","score:  0.01682629<br />sem: 0.1516630","score:  0.01927503<br />sem: 0.1621509","score:  0.02209671<br />sem: 0.1734154","score:  0.02535157<br />sem: 0.1855203","score:  0.02911026<br />sem: 0.1985353","score:  0.03345580<br />sem: 0.2125366","score:  0.03848585<br />sem: 0.2276076","score:  0.04431549<br />sem: 0.2438396","score:  0.05108056<br />sem: 0.2613323","score:  0.05894155<br />sem: 0.2801949","score:  0.06808843<br />sem: 0.3005466","score:  0.07874625<br />sem: 0.3225178","score:  0.09118196<br />sem: 0.3462502","score:  0.10571246<br />sem: 0.3718982","score:  0.12271416<br />sem: 0.3996289","score:  0.14263430<br />sem: 0.4296224","score:  0.16600420<br />sem: 0.4620714","score:  0.19345462<br />sem: 0.4971805","score:  0.22573340<br />sem: 0.5351637","score:  0.26372531<br />sem: 0.5762417","score:  0.30847381<br />sem: 0.6206360","score:  0.36120412<br />sem: 0.6685617","score:  0.42334644<br />sem: 0.7202169","score:  0.49655724<br />sem: 0.7757680","score:  0.58273579<br />sem: 0.8353324","score:  0.68403185<br />sem: 0.8989560","score:  0.80283931<br />sem: 0.9665890","score:  0.94176975<br />sem: 1.0380594","score:  1.10359980<br />sem: 1.1130496","score:  1.29118751<br />sem: 1.1910788","score:  1.50735585<br />sem: 1.2714968","score:  1.75474648<br />sem: 1.3534934","score:  2.03565323<br />sem: 1.4361260","score:  2.35185105<br />sem: 1.5183641","score:  2.70444124<br />sem: 1.5991474","score:  3.09373627<br />sem: 1.6774510","score:  3.51920638<br />sem: 1.7523506","score:  3.97950494<br />sem: 1.8230812","score:  4.47257786<br />sem: 1.8890784","score:  4.99584452<br />sem: 1.9499947","score:  5.54641857<br />sem: 2.0056823","score:  6.12132494<br />sem: 2.0561516","score:  6.71767311<br />sem: 2.1015149","score:  7.33276413<br />sem: 2.1419355","score:  7.96412885<br />sem: 2.1775886","score:  8.60950772<br />sem: 2.2086338","score:  9.26678633<br />sem: 2.2351953","score:  9.93390349<br />sem: 2.2573513","score: 10.60875618<br />sem: 2.2751409","score: 11.28913479<br />sem: 2.2885983","score: 11.97272194<br />sem: 2.2978075","score: 12.65717088<br />sem: 2.3029615","score: 13.34025119<br />sem: 2.3044044","score: 14.02002558<br />sem: 2.3026408","score: 14.69501683<br />sem: 2.2983194","score: 15.36433586<br />sem: 2.2921979","score: 16.02775766<br />sem: 2.2850974","score: 16.68573761<br />sem: 2.2778408","score: 17.33935577<br />sem: 2.2711686","score: 17.99017160<br />sem: 2.2656303","score: 18.63997982<br />sem: 2.2614729","score: 19.29048471<br />sem: 2.2585622","score: 19.94294668<br />sem: 2.2563771","score: 20.59788166<br />sem: 2.2540932","score: 21.25489408<br />sem: 2.2507399","score: 21.91269068<br />sem: 2.2453864","score: 22.56926938<br />sem: 2.2373037","score: 23.22222848<br />sem: 2.2260633","score: 23.86911564<br />sem: 2.2115611","score: 24.50773685<br />sem: 2.1939716","score: 25.13636515<br />sem: 2.1736521","score: 25.75381438<br />sem: 2.1510172","score: 26.35937240<br />sem: 2.1264111","score: 26.95261809<br />sem: 2.1000070","score: 27.53317515<br />sem: 2.0717624","score: 28.10047433<br />sem: 2.0414433","score: 28.65359502<br />sem: 2.0087108","score: 29.19123205<br />sem: 1.9732379","score: 29.71178906<br />sem: 1.9348111","score: 30.21355300<br />sem: 1.8933783","score: 30.69487854<br />sem: 1.8490289","score: 31.15431826<br />sem: 1.8019273","score: 31.59067110<br />sem: 1.7522385","score: 32.00296413<br />sem: 1.7000856","score: 32.39041001<br />sem: 1.6455566","score: 32.75238270<br />sem: 1.5887529","score: 33.08843430<br />sem: 1.5298523","score: 33.39834915<br />sem: 1.4691580","score: 33.68221208<br />sem: 1.4071146","score: 33.94046221<br />sem: 1.3442862","score: 34.17391117<br />sem: 1.2813069","score: 34.38371822<br />sem: 1.2188188","score: 34.57132855<br />sem: 1.1574145","score: 34.73838888<br />sem: 1.0975944","score: 34.88665683<br />sem: 1.0397445","score: 35.01791736<br />sem: 0.9841320","score: 35.13391466<br />sem: 0.9309149","score: 35.23630285<br />sem: 0.8801602","score: 35.32661476<br />sem: 0.8318655","score: 35.40624615<br />sem: 0.7859792"],"type":"scatter","mode":"lines","line":{"width":9.4488188976378,"color":"rgba(0,0,0,1)","dash":"solid"},"hoveron":"points","showlegend":false,"xaxis":"x","yaxis":"y","hoverinfo":"text","frame":null}],"layout":{"margin":{"t":16,"r":0,"b":56.502551128805,"l":67.793543241715},"plot_bgcolor":"transparent","paper_bgcolor":"transparent",