{"data":[{"x":[0.5,1.5,2.5,3.5,4.5,5.5,6.5,7.5,8.5,9.5,10.5,"NA",10.5,11.5,12.5,13.5,14.5,15.5,16.5,17.5,18.5,19.5,20.5,"NA",20.5,21.5,22.5,23.5,24.5,25.5,26.5,27.5,28.5,29.5,30.5],"y":[8.07925471616695,8.07925471616695,8.07925471616695,8.07925471616695,8.07925471616695,8.07925471616695,8.07925471616695,8.07925471616695,8.07925471616695,8.07925471616695,8.07925471616695,"NA",8.07925471616695,8.07925471616695,8.07925471616695,8.07925471616695,8.07925471616695,8.07925471616695,8.07925471616695,8.07925471616695,8.07925471616695,8.07925471616695,8.07925471616695,"NA",8.07925471616695,8.07925471616695,8.07925471616695,8.07925471616695,8.07925471616695,8.07925471616695,8.07925471616695,8.07925471616695,8.07925471616695,8.07925471616695,8.07925471616695],"text":["subgroup:  0.5<br />stage: A<br />center: 8.079255","subgroup:  1.5<br />stage: A<br />center: 8.079255","subgroup:  2.5<br />stage: A<br />center: 8.079255","subgroup:  3.5<br />stage: A<br />center: 8.079255","subgroup:  4.5<br />stage: A<br />center: 8.079255","subgroup:  5.5<br />stage: A<br />center: 8.079255","subgroup:  6.5<br />stage: A<br />center: 8.079255","subgroup:  7.5<br />stage: A<br />center: 8.079255","subgroup:  8.5<br />stage: A<br />center: 8.079255","subgroup:  9.5<br />stage: A<br />center: 8.079255","subgroup: 10.5<br />stage: A<br />center: 8.079255",null,"subgroup: 10.5<br />stage: B<br />center: 8.079255","subgroup: 11.5<br />stage: B<br />center: 8.079255","subgroup: 12.5<br />stage: B<br />center: 8.079255","subgroup: 13.5<br />stage: B<br />center: 8.079255","subgroup: 14.5<br />stage: B<br />center: 8.079255","subgroup: 15.5<br />stage: B<br />center: 8.079255","subgroup: 16.5<br />stage: B<br />center: 8.079255","subgroup: 17.5<br />stage: B<br />center: 8.079255","subgroup: 18.5<br />stage: B<br />center: 8.079255","subgroup: 19.5<br />stage: B<br />center: 8.079255","subgroup: 20.5<br />stage: B<br />center: 8.079255",null,"subgroup: 20.5<br />stage: C<br />center: 8.079255","subgroup: 21.5<br />stage: C<br />center: 8.079255","subgroup: 22.5<br />stage: C<br />center: 8.079255","subgroup: 23.5<br />stage: C<br />center: 8.079255","subgroup: 24.5<br />stage: C<br />center: 8.079255","subgroup: 25.5<br />stage: C<br />center: 8.079255","subgroup: 26.5<br />stage: C<br />center: 8.079255","subgroup: 27.5<br />stage: C<br />center: 8.079255","subgroup: 28.5<br />stage: C<br />center: 8.079255","subgroup: 29.5<br />stage: C<br />center: 8.079255","subgroup: 30.5<br />stage: C<br />center: 8.079255"],"type":"scatter","mode":"lines","line":{"width":3.77952755905512,"color":"rgba(0,255,0,1)","dash":"solid","shape":"hv"},"hoveron":"points","showlegend":false,"xaxis":"x","yaxis":"y","hoverinfo":"text","frame":null},{"x":[0.5,1.5,2.5,3.5,4.5,5.5,6.5,7.5,8.5,9.5,10.5,"NA",10.5,11.5,12.5,13.5,14.5,15.5,16.5,17.5,18.5,19.5,20.5,"NA",20.5,21.5,22.5,23.5,24.5,25.5,26.5,27.5,28.5,29.5,30.5],"y":[9.76408804112951,9.76408804112951,9.76408804112951,9.76408804112951,9.76408804112951,9.76408804112951,9.76408804112951,9.76408804112951,9.76408804112951,9.76408804112951,9.76408804112951,"NA",9.76408804112951,9.76408804112951,9.76408804112951,9.76408804112951,9.76408804112951,9.76408804112951,9.76408804112951,9.76408804112951,9.76408804112951,9.76408804112951,9.76408804112951,"NA",9.76408804112951,9.76408804112951,9.76408804112951,9.76408804112951,9.76408804112951,9.76408804112951,9.76408804112951,9.76408804112951,9.76408804112951,9.76408804112951,9.76408804112951],"text":["subgroup:  0.5<br />stage: A<br />UCL: 9.764088","subgroup:  1.5<br />stage: A<br />UCL: 9.764088","subgroup:  2.5<br />stage: A<br />UCL: 9.764088","subgroup:  3.5<br />stage: A<br />UCL: 9.764088","subgroup:  4.5<br />stage: A<br />UCL: 9.764088","subgroup:  5.5<br />stage: A<br />UCL: 9.764088","subgroup:  6.5<br />stage: A<br />UCL: 9.764088","subgroup:  7.5<br />stage: A<br />UCL: 9.764088","subgroup:  8.5<br />stage: A<br />UCL: 9.764088","subgroup:  9.5<br />stage: A<br />UCL: 9.764088","subgroup: 10.5<br />stage: A<br />UCL: 9.764088",null,"subgroup: 10.5<br />stage: B<br />UCL: 9.764088","subgroup: 11.5<br />stage: B<br />UCL: 9.764088","subgroup: 12.5<br />stage: B<br />UCL: 9.764088","subgroup: 13.5<br />stage: B<br />UCL: 9.764088","subgroup: 14.5<br />stage: B<br />UCL: 9.764088","subgroup: 15.5<br />stage: B<br />UCL: 9.764088","subgroup: 16.5<br />stage: B<br />UCL: 9.764088","subgroup: 17.5<br />stage: B<br />UCL: 9.764088","subgroup: 18.5<br />stage: B<br />UCL: 9.764088","subgroup: 19.5<br />stage: B<br />UCL: 9.764088","subgroup: 20.5<br />stage: B<br />UCL: 9.764088",null,"subgroup: 20.5<br />stage: C<br />UCL: 9.764088","subgroup: 21.5<br />stage: C<br />UCL: 9.764088","subgroup: 22.5<br />stage: C<br />UCL: 9.764088","subgroup: 23.5<br />stage: C<br />UCL: 9.764088","subgroup: 24.5<br />stage: C<br />UCL: 9.764088","subgroup: 25.5<br />stage: C<br />UCL: 9.764088","subgroup: 26.5<br />stage: C<br />UCL: 9.764088","subgroup: 27.5<br />stage: C<br />UCL: 9.764088","subgroup: 28.5<br />stage: C<br />UCL: 9.764088","subgroup: 29.5<br />stage: C<br />UCL: 9.764088","subgroup: 30.5<br />stage: C<br />UCL: 9.764088"],"type":"scatter","mode":"lines","line":{"width":5.66929133858268,"color":"rgba(255,0,0,1)","dash":"dash","shape":"hv"},"hoveron":"points","showlegend":false,"xaxis":"x","yaxis":"y","hoverinfo":"text","frame":null},{"x":[0.5,1.5,2.5,3.5,4.5,5.5,6.5,7.5,8.5,9.5,10.5,"NA",10.5,11.5,12.5,13.5,14.5,15.5,16.5,17.5,18.5,19.5,20.5,"NA",20.5,21.5,22.5,23.5,24.5,25.5,26.5,27.5,28.5,29.5,30.5],"y":[6.3944213912044,6.3944213912044,6.3944213912044,6.3944213912044,6.3944213912044,6.3944213912044,6.3944213912044,6.3944213912044,6.3944213912044,6.3944213912044,6.3944213912044,"NA",6.3944213912044,6.3944213912044,6.3944213912044,6.3944213912044,6.3944213912044,6.3944213912044,6.3944213912044,6.3944213912044,6.3944213912044,6.3944213912044,6.3944213912044,"NA",6.3944213912044,6.3944213912044,6.3944213912044,6.3944213912044,6.3944213912044,6.3944213912044,6.3944213912044,6.3944213912044,6.3944213912044,6.3944213912044,6.3944213912044],"text":["subgroup:  0.5<br />stage: A<br />LCL: 6.394421","subgroup:  1.5<br />stage: A<br />LCL: 6.394421","subgroup:  2.5<br />stage: A<br />LCL: 6.394421","subgroup:  3.5<br />stage: A<br />LCL: 6.394421","subgroup:  4.5<br />stage: A<br />LCL: 6.394421","subgroup:  5.5<br />stage: A<br />LCL: 6.394421","subgroup:  6.5<br />stage: A<br />LCL: 6.394421","subgroup:  7.5<br />stage: A<br />LCL: 6.394421","subgroup:  8.5<br />stage: A<br />LCL: 6.394421","subgroup:  9.5<br />stage: A<br />LCL: 6.394421","subgroup: 10.5<br />stage: A<br />LCL: 6.394421",null,"subgroup: 10.5<br />stage: B<br />LCL: 6.394421","subgroup: 11.5<br />stage: B<br />LCL: 6.394421","subgroup: 12.5<br />stage: B<br />LCL: 6.394421","subgroup: 13.5<br />stage: B<br />LCL: 6.394421","subgroup: 14.5<br />stage: B<br />LCL: 6.394421","subgroup: 15.5<br />stage: B<br />LCL: 6.394421","subgroup: 16.5<br />stage: B<br />LCL: 6.394421","subgroup: 17.5<br />stage: B<br />LCL: 6.394421","subgroup: 18.5<br />stage: B<br />LCL: 6.394421","subgroup: 19.5<br />stage: B<br />LCL: 6.394421","subgroup: 20.5<br />stage: B<br />LCL: 6.394421",null,"subgroup: 20.5<br />stage: C<br />LCL: 6.394421","subgroup: 21.5<br />stage: C<br />LCL: 6.394421","subgroup: 22.5<br />stage: C<br />LCL: 6.394421","subgroup: 23.5<br />stage: C<br />LCL: 6.394421","subgroup: 24.5<br />stage: C<br />LCL: 6.394421","subgroup: 25.5<br />stage: C<br />LCL: 6.394421","subgroup: 26.5<br />stage: C<br />LCL: 6.394421","subgroup: 27.5<br />stage: C<br />LCL: 6.394421","subgroup: 28.5<br />stage: C<br />LCL: 6.394421","subgroup: 29.5<br />stage: C<br />LCL: 6.394421","subgroup: 30.5<br />stage: C<br />LCL: 6.394421"],"type":"scatter","mode":"lines","line":{"width":5.66929133858268,"color":"rgba(255,0,0,1)","dash":"dash","shape":"hv"},"hoveron":"points","showlegend":false,"xaxis":"x","yaxis":"y","hoverinfo":"text",