{"data":[{"x":[10,10.5,11,11.5,12,12.5,13,13.5,14,14.5,15,15.5,16,16.5,17,17.5,18,18.5,19,19.5,20,20.5,21,21.5,22,22.5,23,23.5,24,24.5,25,25.5,26,26.5,27,27.5,28,28.5,29,29.5,30,30.5,31,31.5,32,32.5,33,33.5,34,34.5,35,35.5,36,36.5,37,37.5,38,38.5,39,39.5,40,40.5,41,41.5,42,42.5,43,43.5,44,44.5,45,45.5,46,46.5,47,47.5,48,48.5,49,49.5,50,50.5,51,51.5,52,52.5,53,53.5,54,54.5,55,55.5,56,56.5,57,57.5,58,58.5,59,59.5,60,60,59.5,59,58.5,58,57.5,57,56.5,56,55.5,55,54.5,54,53.5,53,52.5,52,51.5,51,50.5,50,49.5,49,48.5,48,47.5,47,46.5,46,45.5,45,44.5,44,43.5,43,42.5,42,41.5,41,40.5,40,39.5,39,38.5,38,37.5,37,36.5,36,35.5,35,34.5,34,33.5,33,32.5,32,31.5,31,30.5,30,29.5,29,28.5,28,27.5,27,26.5,26,25.5,25,24.5,24,23.5,23,22.5,22,21.5,21,20.5,20,19.5,19,18.5,18,17.5,17,16.5,16,15.5,15,14.5,14,13.5,13,12.5,12,11.5,11,10.5,10,10],"y":[-1.07885063592782,-1.08774026053942,-1.09672129458879,-1.10579499544618,-1.11496261793571,-1.12422541311493,-1.13358462701096,-1.1430414993147,-1.15259726203457,-1.16225313811176,-1.17201033999901,-1.18187006820539,-1.19183350980967,-1.20190183694525,-1.2120762052599,-1.22235775235367,-1.23274759619887,-1.24324683354597,-1.2538565383198,-1.26457776001042,-1.27541152206345,-1.28635882027474,-1.29742062119447,-1.30859786054589,-1.31989144166416,-1.33130223396072,-1.34283107141878,-1.35447875112548,-1.36624603184643,-1.37813363264818,-1.39014223157408,-1.40227246437906,-1.41452492332857,-1.42690015606681,-1.4393986645591,-1.45202090411315,-1.46476728248346,-1.47763815906299,-1.49063384416576,-1.50375459840371,-1.51700063216061,-1.53037210516568,-1.54386912616873,-1.5574917527185,-1.57123999104519,-1.58511379604769,-1.59911307138572,-1.61323766967625,-1.62748739279347,-1.6418619922707,-1.65636116980246,-1.67098457784432,-1.68573182030772,-1.70060245334656,-1.71559598623196,-1.73071188231124,-1.74594956004676,-1.76130839413022,-1.77678771666727,-1.79238681842775,-1.80810495015591,-1.82394132393557,-1.83989511460443,-1.85596546121215,-1.87215146851646,-1.88845220851175,-1.90486672198457,-1.9213940200905,-1.93803308594696,-1.95478287623676,-1.97164232281714,-1.98861033432952,-2.00568579780496,-2.02286758026104,-2.04015453028569,-2.05754547960395,-2.0750392446239,-2.09263462795809,-2.11033041991743,-2.12812539997422,-2.14601833819186,-2.16400799661871,-2.18209313064382,-2.20027249031269,-2.2185448216015,-2.23690886764811,-2.25536336993906,-2.27390706945123,-2.2925387077478,-2.3112570280278,-2.33006077612901,-2.34894870148413,-2.36791955803027,-2.38697210507193,-2.40610510809802,-2.42531733955317,-2.44460757956423,-2.46397461662258,-2.48341724822307,-2.50293428146072,-2.5225245335859,-0.30352989933534,-0.29584441236256,-0.288085706502237,-0.280252599004769,-0.27234389696515,-0.264358397878248,-0.256294890235431,-0.248152154163553,-0.239928962107252,-0.231624079555419,-0.223236265812573,-0.214764274815818,-0.206206855997854,-0.197562755196462,-0.188830715610665,-0.180009478803645,-0.171097785752296,-0.162094377943134,-0.152997998514045,-0.143807393441183,-0.134521312770069,-0.125138511889747,-0.115657752848565,-0.106077805709939,-0.0963974499461719,-0.0866154758681502,-0.0767306860884486,-0.0667418970151337,-0.0566479403732494,-0.0464476647507223,-0.0361399371651321,-0.0257236446475508,-0.0151976958393779,-0.00456102259787328,0.00618741839416159,0.017048644019302,0.0280236431219778,0.0391133749156382,0.050318767405884,0.0616407158349874,0.0730800811532938,0.0846376885230971,0.096314325860588,0.108110742421498,0.12002764743601,0.132065708798447,0.144225551817137,0.156507758029699,0.168912864088824,0.181441360723391,0.194093691779498,0.206870253345706,0.219771392966442,0.232797408947187,0.245948549754621,0.259225013514563,0.272626947610026,0.286154448381303,0.299807560929491,0.313586279024407,0.327490545117307,0.341520250458373,0.355675235318391,0.369955289313579,0.384360151832014,0.398889512559672,0.413543012103588,0.428320242709262,0.443220749068992,0.458244029217447,0.473389535510436,0.488656675682503,0.504044813978717,0.519553272355728,0.535181331746996,0.550928233386904,0.566793180188305,0.582775338168001,0.59887383791455,0.615087776092788,0.631416216979462,0.647858194024398,0.664412711431746,0.68107874575588,0.69785524750674,0.714741142759506,0.7317353347637,0.74883670554702,0.766044117509405,0.783356415003094,0.800772425894679,0.818290963105393,0.83591082612617,0.853630802504265,0.871449669298492,0.889366194500423,0.90737913841917,0.925487255027604,0.943689293268185,0.961983998316781,0.980370112803143,-1.07885063592782],"text":"","type":"scatter","mode":"lines","line":{"width":1.88976377952756,"color":"transparent","dash":"solid"},"fill":"toself","fillcolor":"rgba(51,51,51,0.1)","hoveron":"fills","showlegend":false,"xaxis":"x","yaxis":"y","hoverinfo":"text","frame":null},{"x":[10,10.5,11,11.5,12,12.5,13,13.5,14,14.5,15,15.5,16,16.5,17,17.5,18,18.5,19,19.5,20,20.5,21,21.5,22,22.5,23,23.5,24,24.5,25,25.5,26,26.5,27,27.5,28,28.5,29,29.5,30,30.5,31,31.5,32,32.5,33,33.5,34,34.5,35,35.5,36,36.5,37,37.5,38,38.5,39,39.5,40,40.5,41,41.5,42,42.5,43,43.5,44,44.5,45,45.5,46,46.5,47,47.5,48,48.5,49,49.5,50,50.5,51,51.5,52,52.5,53,53.5,54,54.5,55,55.5,56,56.5,57,57.5,58,58.5,59,59.5,60,60,59.5,59,58.5,58,57.5,57,56.5,56,55.5,55,54.5,54,53.5,53,52.5,52,51.5,51,50.5,50,49.5,49,48.5,48,47.5,47,46.5,46,45.5,45,44.5,44,43.5,43,42.5,42,41.5,41,40.5,40,39.5,39,38.5,38,37.5,37,36.5,36,35.5,35,34.5,34,33.5,33,32.5,32,31.5,31,30.5,30,29.5,29,28.5,28,27.5,27,26.5,26,25.5,25,24.5,24,23.5,23,22.5,22,21.5,21,20.5,20,19.5,19,18.5,18,17.5,17,16.5,16,15.5,15,14.5,14,13.5,13,12.5,12,11.5,11,10.5,10,10],