{"data":[{"x":[1.08296120869927,2.08741508265957,0.957227906957269,2.06608952521347,1.0283491037786,2.00381918982603,1.04731766292825,1.92693331944756,1.03139845808037,2.04101295680739,0.991548355249688,2.04382245033048,1.08693444943056,1.95108576486818,0.992458564508706,2.0880029045511,1.09564528567716,1.92349747233093,0.994999416312203,2.01206654924899,1.08080627745949,1.92774203354493,1.09777834578417,2.08933364651166,0.916487511619925,2.00284235686995,0.978040693420917,2.08114762618206,0.989393925620243,2.06720085199922,1.04751912355423,2.06221102825366],"y":[122.472864969689,135.851101837642,120.482369003277,129.559749648152,130.824400488129,145.024595383694,137.303960844679,145.707067186069,163.167735544322,173.761462950986,166.042458619718,181.344123948263,155.499050749335,163.734545957986,117.492652943302,130.543987261681,161.542579966215,174.091302924398,139.380056326762,145.108048948925,149.759091246854,161.650815665415,161.863361894675,169.329277231703,201.846366098113,204.622758598234,122.836652778294,138.608647760795,135.845364364712,150.32969031875,127.315726560531,132.69989305445],"text":["RM Factor 1: Before<br />Value: 122.54<br />.single_color: TRUE<br />.single_color: TRUE","RM Factor 1: After<br />Value: 135.74<br />.single_color: TRUE<br />.single_color: TRUE","RM Factor 1: Before<br />Value: 120.78<br />.single_color: TRUE<br />.single_color: TRUE","RM Factor 1: After<br />Value: 129.36<br />.single_color: TRUE<br />.single_color: TRUE","RM Factor 1: Before<br />Value: 131.12<br />.single_color: TRUE<br />.single_color: TRUE","RM Factor 1: After<br />Value: 145.20<br />.single_color: TRUE<br />.single_color: TRUE","RM Factor 1: Before<br />Value: 137.06<br />.single_color: TRUE<br />.single_color: TRUE","RM Factor 1: After<br />Value: 145.64<br />.single_color: TRUE<br />.single_color: TRUE","RM Factor 1: Before<br />Value: 163.24<br />.single_color: TRUE<br />.single_color: TRUE","RM Factor 1: After<br />Value: 173.80<br />.single_color: TRUE<br />.single_color: TRUE","RM Factor 1: Before<br />Value: 166.32<br />.single_color: TRUE<br />.single_color: TRUE","RM Factor 1: After<br />Value: 181.06<br />.single_color: TRUE<br />.single_color: TRUE","RM Factor 1: Before<br />Value: 155.54<br />.single_color: TRUE<br />.single_color: TRUE","RM Factor 1: After<br />Value: 163.46<br />.single_color: TRUE<br />.single_color: TRUE","RM Factor 1: Before<br />Value: 117.26<br />.single_color: TRUE<br />.single_color: TRUE","RM Factor 1: After<br />Value: 130.46<br />.single_color: TRUE<br />.single_color: TRUE","RM Factor 1: Before<br />Value: 161.26<br />.single_color: TRUE<br />.single_color: TRUE","RM Factor 1: After<br />Value: 174.02<br />.single_color: TRUE<br />.single_color: TRUE","RM Factor 1: Before<br />Value: 139.48<br />.single_color: TRUE<br />.single_color: TRUE","RM Factor 1: After<br />Value: 145.20<br />.single_color: TRUE<br />.single_color: TRUE","RM Factor 1: Before<br />Value: 149.82<br />.single_color: TRUE<br />.single_color: TRUE","RM Factor 1: After<br />Value: 161.48<br />.single_color: TRUE<br />.single_color: TRUE","RM Factor 1: Before<br />Value: 162.14<br />.single_color: TRUE<br />.single_color: TRUE","RM Factor 1: After<br />Value: 169.18<br />.single_color: TRUE<br />.single_color: TRUE","RM Factor 1: Before<br />Value: 201.74<br />.single_color: TRUE<br />.single_color: TRUE","RM Factor 1: After<br />Value: 204.82<br />.single_color: TRUE<br />.single_color: TRUE","RM Factor 1: Before<br />Value: 122.98<br />.single_color: TRUE<br />.single_color: TRUE","RM Factor 1: After<br />Value: 138.60<br />.single_color: TRUE<br />.single_color: TRUE","RM Factor 1: Before<br />Value: 135.74<br />.single_color: TRUE<br />.single_color: TRUE","RM Factor 1: After<br />Value: 150.04<br />.single_color: TRUE<br />.single_color: TRUE","RM Factor 1: Before<br />Value: 127.16<br />.single_color: TRUE<br />.single_color: TRUE","RM Factor 1: After<br />Value: 132.66<br />.single_color: TRUE<br />.single_color: TRUE"],"type":"scatter","mode":"markers","marker":{"autocolorscale":false,"color":"rgba(0,169,230,1)","opacity":0.5,"size":11.3385826771654,"symbol":"circle","line":{"width":1.88976377952756,"color":"rgba(0,169,230,1)"}},"hoveron":"points","showlegend":false,"xaxis":"x","yaxis":"y","hoverinfo":"text","frame":null},{"x":[1.08296120869927,2.08741508265957,"NA",0.957227906957269,2.06608952521347,"NA",1.0283491037786,2.00381918982603,"NA",1.04731766292825,1.92693331944756,"NA",1.03139845808037,2.04101295680739,"NA",0.991548355249688,2.04382245033048,"NA",1.08693444943056,1.95108576486818,"NA",0.992458564508706,2.0880029045511,"NA",1.09564528567716,1.92349747233093,"NA",0.994999416312203,2.01206654924899,"NA",1.08080627745949,1.92774203354493,"NA",1.09777834578417,2.08933364651166,"NA",0.916487511619925,2.00284235686995,"NA",0.978040693420917,2.08114762618206,"NA",0.989393925620243,2.06720085199922,"NA",1.04751912355423,2.06221102825366],"y":[122.472864969689,135.851101837642,"NA",120.482369003277,129.559749648152,"NA",130.824400488129,145.024595383694,"NA",137.303960844679,145.707067186069,"NA",163.167735544322,173.761462950986,"NA",166.042458619718,181.344123948263,"NA",155.499050749335,163.734545957986,"NA",117.492652943302,130.543987261681,"NA",161.542579966215,174.091302924398,"NA",139.380056326762,145.108048948925,"NA",149.759091246854,161.650815665415,"NA",161.863361894675,169.329277231703,"NA",201.846366098113,204.622758598234,"NA",122.836652778294,138.608647760795,"NA",135.845364364712,150.32969031875,"NA",127.315726560531,132.69989305445],"text":["x: 1.0829612<br />y: 122.4729<br />ID: 1","x: 2.0874151<br />y: 135.8511<br />ID: 1",null,"x: 0.9572279<br />y: 120.4824<br />ID: 2","x: 2.0660895<br />y: 129.5597<br />ID: 2",null,"x: 1.0283491<br />y: 130.8244<br />ID: 3","x: 2.0038192<br />y: 145.0246<br />ID: 3",null,"x: 1.0473177<br />y: 137.3040<br />ID: 4","x: 1.9269333<br />y: 145.7071<br />ID: 4",null,"x: 1.0313985<br />y: 163.1677<br />ID: 5","x: 2.0410130<br />y: 173.7615<br />ID: 5",null,"x: 0.9915484<br />y: 166.0425<br />ID: 6","x: 2.0438225<br />y: 181.3441<br />ID: 6",null,"x: 1.0869344<br />y: 155.4991<br />ID: 7","x: 1.9510858<br />y: 163.7345<br />ID: 7",null,"x: 0.9924586<br />y: 117.4927<br />ID: 8","x: 2.0880029<br />y: 130.5440<br />ID: 8",null,"x: 1.0956453<br />y: 161.5426<br />ID: 9","x: 1.9234975<br />y: 174.0913<br />ID: 9",null,"x: 0.9949994<br />y: 139.3801<br />ID: 10","x: 2.0120665<br />y: 145.1080<br />ID: 10",null,"x: 1.0808063<br />y: 149.7591<br />ID: 11","x: 1.9277420<br />y: 161.6508<br />ID: 11",null,"x: 1.0977783<br />y: 161.8634<br />ID: 12","x: 2.0893336<br />y: 169.3293<br />ID: 12",null,"x: 0.9164875<br />y: 201.8464<br />ID: 13","x: 2.0028424<br />y: 204.6228<br />ID: 13",null,"x: 0.9780407<br />y: 122.8367<br />ID: 14","x: 2.0811476<br />y: 138.6086<br />ID: 14",null,"x: 0.9893939<br />y: 135.8454<br />ID: 15","x: 2.0672009<br />y: 150.3297<br />ID: 15",null,"x: 1.0475191<br />y: 127.3157<br />ID: 16","x: 2.0622110<br />y: 132.6999<br />ID: 16"],"type":"scatter","mode":"lines","line":{"width":1.88976377952756,"color":"rgba(0,0,0,0.5)","dash":"solid"},"hoveron":"points","showlegend":false,"xaxis":"x","yaxis":"y","hoverinfo":"text","frame":null},{"visible":false,"showlegend":false,"xaxis":"x","yaxis":"y","hoverinfo":"text","mode":"","frame":null}],"layout":{"margin":{"t":29.2835201328352,"r":13.2835201328352,"b":68.8562248523418,"l":79.0181177539607},"plot_bgcolor":"transparent","paper_bgcolor":"transparent","font":{"color":"rgba(0,0,0,1)","family":"Lucida Grande","size":23.9103362391034},"xaxis":{"domain":[0,1],"automargin":true,"type":"linear","autorange":false,"range":[0.4,2.6],"tickmode":"auto","ticktext":["Before","After"],"tickvals":[1,2],"categoryorder":"array","categoryarray":["Before","After"],"nticks":null,"ticks":"outside","tickcolor":"rgba(0,0,0,1)","ticklen":11.3385826771654,"tickwidth":0.398505603985056,"showticklabels":true,"tickfont":{"color":"rgba(0,0,0,1)",