{"data":[{"x":[0.924324324,1.081871345,1,0.971098266,1.029761905,0.935135135,0.994252874,0.908163265,1.045714286,1.18404908,1.115606936,0.971910112,0.97752809,0.978609626,1,0.933333333,1.071428571,0.944444444,0.944444444,1.017142857,1.011111111,1.011235955,1.011235955,1.089285714,0.988888889,1.011111111,1.032967033,1.044444444,1,1.086705202,1.011560694,1.005617978,1.005617978,1.005494505,1.072222222,1.011111111,0.983783784,0.967213115,1.04519774,1.027777778,1.086705202,1,1.005347594,0.983783784,0.943005181,1.057142857],"y":[0.427780852,0.56148981,0.597141922,0.581254292,0.530344067,0.507425996,0.526679292,0.536690951,0.577825976,0.573225387,0.550410082,0.559380032,0.484823958,0.500466176,0.502934212,0.49569636,0.516904414,0.522050547,0.531494442,0.60014892,0.545079801,0.604274986,0.51635906,0.63850958,0.652184407,0.587920412,0.5914898,0.624614752,0.550040193,0.537771958,0.523673642,0.554517134,0.577511576,0.500856251,0.613444534,0.504063153,0.617883695,0.51049949,0.553073235,0.59166415,0.538982024,0.53455133,0.547304058,0.497350649,0.512424242,0.536914796],"text":["x: 0.9243243<br />y: 0.4277809","x: 1.0818713<br />y: 0.5614898","x: 1.0000000<br />y: 0.5971419","x: 0.9710983<br />y: 0.5812543","x: 1.0297619<br />y: 0.5303441","x: 0.9351351<br />y: 0.5074260","x: 0.9942529<br />y: 0.5266793","x: 0.9081633<br />y: 0.5366910","x: 1.0457143<br />y: 0.5778260","x: 1.1840491<br />y: 0.5732254","x: 1.1156069<br />y: 0.5504101","x: 0.9719101<br />y: 0.5593800","x: 0.9775281<br />y: 0.4848240","x: 0.9786096<br />y: 0.5004662","x: 1.0000000<br />y: 0.5029342","x: 0.9333333<br />y: 0.4956964","x: 1.0714286<br />y: 0.5169044","x: 0.9444444<br />y: 0.5220505","x: 0.9444444<br />y: 0.5314944","x: 1.0171429<br />y: 0.6001489","x: 1.0111111<br />y: 0.5450798","x: 1.0112360<br />y: 0.6042750","x: 1.0112360<br />y: 0.5163591","x: 1.0892857<br />y: 0.6385096","x: 0.9888889<br />y: 0.6521844","x: 1.0111111<br />y: 0.5879204","x: 1.0329670<br />y: 0.5914898","x: 1.0444444<br />y: 0.6246148","x: 1.0000000<br />y: 0.5500402","x: 1.0867052<br />y: 0.5377720","x: 1.0115607<br />y: 0.5236736","x: 1.0056180<br />y: 0.5545171","x: 1.0056180<br />y: 0.5775116","x: 1.0054945<br />y: 0.5008563","x: 1.0722222<br />y: 0.6134445","x: 1.0111111<br />y: 0.5040632","x: 0.9837838<br />y: 0.6178837","x: 0.9672131<br />y: 0.5104995","x: 1.0451977<br />y: 0.5530732","x: 1.0277778<br />y: 0.5916642","x: 1.0867052<br />y: 0.5389820","x: 1.0000000<br />y: 0.5345513","x: 1.0053476<br />y: 0.5473041","x: 0.9837838<br />y: 0.4973506","x: 0.9430052<br />y: 0.5124242","x: 1.0571429<br />y: 0.5369148"],"type":"scatter","mode":"markers","marker":{"autocolorscale":false,"color":"rgba(190,190,190,1)","opacity":1,"size":11.3385826771654,"symbol":"circle","line":{"width":1.88976377952756,"color":"rgba(0,0,0,1)"}},"hoveron":"points","showlegend":false,"xaxis":"x","yaxis":"y","hoverinfo":"text","frame":null},{"x":[0.9,0.903030303030303,0.906060606060606,0.909090909090909,0.912121212121212,0.915151515151515,0.918181818181818,0.921212121212121,0.924242424242424,0.927272727272727,0.93030303030303,0.933333333333333,0.936363636363636,0.939393939393939,0.942424242424242,0.945454545454546,0.948484848484848,0.951515151515152,0.954545454545455,0.957575757575758,0.960606060606061,0.963636363636364,0.966666666666667,0.96969696969697,0.972727272727273,0.975757575757576,0.978787878787879,0.981818181818182,0.984848484848485,0.987878787878788,0.990909090909091,0.993939393939394,0.996969696969697,1,1.0030303030303,1.00606060606061,1.00909090909091,1.01212121212121,1.01515151515152,1.01818181818182,1.02121212121212,1.02424242424242,1.02727272727273,1.03030303030303,1.03333333333333,1.03636363636364,1.03939393939394,1.04242424242424,1.04545454545455,1.04848484848485,1.05151515151515,1.05454545454545,1.05757575757576,1.06060606060606,1.06363636363636,1.06666666666667,1.06969696969697,1.07272727272727,1.07575757575758,1.07878787878788,1.08181818181818,1.08484848484848,1.08787878787879,1.09090909090909,1.09393939393939,1.0969696969697,1.1,1.1030303030303,1.10606060606061,1.10909090909091,1.11212121212121,1.11515151515152,1.11818181818182,1.12121212121212,1.12424242424242,1.12727272727273,1.13030303030303,1.13333333333333,1.13636363636364,1.13939393939394,1.14242424242424,1.14545454545455,1.14848484848485,1.15151515151515,1.15454545454545,1.15757575757576,1.16060606060606,1.16363636363636,1.16666666666667,1.16969696969697,1.17272727272727,1.17575757575758,1.17878787878788,1.18181818181818,1.18484848484849,1.18787878787879,1.19090909090909,1.19393939393939,1.1969696969697,1.2],"y":[0.511937184892934,0.51294071836524,0.513944251837546,0.514947785309852,0.515951318782158,0.516954852254465,0.517958385726771,0.518961919199077,0.519965452671383,0.520968986143689,0.521972519615996,0.522976053088302,0.523979586560608,0.524983120032914,0.52598665350522,0.526990186977527,0.527993720449833,0.528997253922139,0.530000787394445,0.531004320866751,0.532007854339058,0.533011387811364,0.53401492128367,0.535018454755976,0.536021988228282,0.537025521700588,0.538029055172895,0.539032588645201,0.540036122117507,0.541039655589813,0.542043189062119,0.543046722534426,0.544050256006732,0.545053789479038,0.546057322951344,0.54706085642365,0.548064389895957,0.549067923368263,0.550071456840569,0.551074990312875,0.552078523785181,0.553082057257487,0.554085590729794,0.5550891242021,0.556092657674406,0.557096191146712,0.558099724619018,0.559103258091325,0.560106791563631,0.561110325035937,0.562113858508243,0.563117391980549,0.564120925452856,0.565124458925162,0.566127992397468,0.567131525869774,0.56813505934208,0.569138592814387,0.570142126286693,0.571145659758999,0.572149193231305,0.573152726703611,0.574156260175918,0.575159793648224,0.57616332712053,0.577166860592836,0.578170394065142,0.579173927537449,0.580177461009755,0.581180994482061,0.582184527954367,0.583188061426673,0.58419159489898,0.585195128371286,0.586198661843592,0.587202195315898,0.588205728788204,0.589209262260511,0.590212795732817,0.591216329205123,0.592219862677429,0.593223396149735,0.594226929622041,0.595230463094348,0.596233996566654,0.59723753003896,0.598241063511266,0.599244596983572,0.600248130455879,0.601251663928185,0.602255197400491,0.603258730872797,0.604262264345103,0.60526579781741,0.606269331289716,0.607272864762022,0.608276398234328,0.609279931706634,0.61028346517894,0.611286998651247],