{"data":[{"x":[0.5,1.5,2.5,3.5,4.5,5.5,6.5,7.5,8.5,9.5,10.5,"NA",10.5,11.5,12.5,13.5,14.5,15.5,16.5,17.5,18.5,19.5,20.5,"NA",20.5,21.5,22.5,23.5,24.5,25.5,26.5,27.5,28.5,29.5,30.5],"y":[-4.55555555555556,-4.55555555555556,-4.55555555555556,-4.55555555555556,-4.55555555555556,-4.55555555555556,-4.55555555555556,-4.55555555555556,-4.55555555555556,-4.55555555555556,-4.55555555555556,"NA",-4.55555555555556,-4.55555555555556,-4.55555555555556,-4.55555555555556,-4.55555555555556,-4.55555555555556,-4.55555555555556,-4.55555555555556,-4.55555555555556,-4.55555555555556,-4.55555555555556,"NA",-4.55555555555556,-4.55555555555556,-4.55555555555556,-4.55555555555556,-4.55555555555556,-4.55555555555556,-4.55555555555556,-4.55555555555556,-4.55555555555556,-4.55555555555556,-4.55555555555556],"text":["subgroup:  0.5<br />stage: Operator A<br />center: -4.555556","subgroup:  1.5<br />stage: Operator A<br />center: -4.555556","subgroup:  2.5<br />stage: Operator A<br />center: -4.555556","subgroup:  3.5<br />stage: Operator A<br />center: -4.555556","subgroup:  4.5<br />stage: Operator A<br />center: -4.555556","subgroup:  5.5<br />stage: Operator A<br />center: -4.555556","subgroup:  6.5<br />stage: Operator A<br />center: -4.555556","subgroup:  7.5<br />stage: Operator A<br />center: -4.555556","subgroup:  8.5<br />stage: Operator A<br />center: -4.555556","subgroup:  9.5<br />stage: Operator A<br />center: -4.555556","subgroup: 10.5<br />stage: Operator A<br />center: -4.555556",null,"subgroup: 10.5<br />stage: Operator B<br />center: -4.555556","subgroup: 11.5<br />stage: Operator B<br />center: -4.555556","subgroup: 12.5<br />stage: Operator B<br />center: -4.555556","subgroup: 13.5<br />stage: Operator B<br />center: -4.555556","subgroup: 14.5<br />stage: Operator B<br />center: -4.555556","subgroup: 15.5<br />stage: Operator B<br />center: -4.555556","subgroup: 16.5<br />stage: Operator B<br />center: -4.555556","subgroup: 17.5<br />stage: Operator B<br />center: -4.555556","subgroup: 18.5<br />stage: Operator B<br />center: -4.555556","subgroup: 19.5<br />stage: Operator B<br />center: -4.555556","subgroup: 20.5<br />stage: Operator B<br />center: -4.555556",null,"subgroup: 20.5<br />stage: Operator C<br />center: -4.555556","subgroup: 21.5<br />stage: Operator C<br />center: -4.555556","subgroup: 22.5<br />stage: Operator C<br />center: -4.555556","subgroup: 23.5<br />stage: Operator C<br />center: -4.555556","subgroup: 24.5<br />stage: Operator C<br />center: -4.555556","subgroup: 25.5<br />stage: Operator C<br />center: -4.555556","subgroup: 26.5<br />stage: Operator C<br />center: -4.555556","subgroup: 27.5<br />stage: Operator C<br />center: -4.555556","subgroup: 28.5<br />stage: Operator C<br />center: -4.555556","subgroup: 29.5<br />stage: Operator C<br />center: -4.555556","subgroup: 30.5<br />stage: Operator C<br />center: -4.555556"],"type":"scatter","mode":"lines","line":{"width":3.77952755905512,"color":"rgba(0,255,0,1)","dash":"solid","shape":"hv"},"hoveron":"points","showlegend":false,"xaxis":"x","yaxis":"y","hoverinfo":"text","frame":null},{"x":[0.5,1.5,2.5,3.5,4.5,5.5,6.5,7.5,8.5,9.5,10.5,"NA",10.5,11.5,12.5,13.5,14.5,15.5,16.5,17.5,18.5,19.5,20.5,"NA",20.5,21.5,22.5,23.5,24.5,25.5,26.5,27.5,28.5,29.5,30.5],"y":[-4.09517583706412,-4.09517583706412,-4.09517583706412,-4.09517583706412,-4.09517583706412,-4.09517583706412,-4.09517583706412,-4.09517583706412,-4.09517583706412,-4.09517583706412,-4.09517583706412,"NA",-4.09517583706412,-4.09517583706412,-4.09517583706412,-4.09517583706412,-4.09517583706412,-4.09517583706412,-4.09517583706412,-4.09517583706412,-4.09517583706412,-4.09517583706412,-4.09517583706412,"NA",-4.09517583706412,-4.09517583706412,-4.09517583706412,-4.09517583706412,-4.09517583706412,-4.09517583706412,-4.09517583706412,-4.09517583706412,-4.09517583706412,-4.09517583706412,-4.09517583706412],"text":["subgroup:  0.5<br />stage: Operator A<br />UCL: -4.095176","subgroup:  1.5<br />stage: Operator A<br />UCL: -4.095176","subgroup:  2.5<br />stage: Operator A<br />UCL: -4.095176","subgroup:  3.5<br />stage: Operator A<br />UCL: -4.095176","subgroup:  4.5<br />stage: Operator A<br />UCL: -4.095176","subgroup:  5.5<br />stage: Operator A<br />UCL: -4.095176","subgroup:  6.5<br />stage: Operator A<br />UCL: -4.095176","subgroup:  7.5<br />stage: Operator A<br />UCL: -4.095176","subgroup:  8.5<br />stage: Operator A<br />UCL: -4.095176","subgroup:  9.5<br />stage: Operator A<br />UCL: -4.095176","subgroup: 10.5<br />stage: Operator A<br />UCL: -4.095176",null,"subgroup: 10.5<br />stage: Operator B<br />UCL: -4.095176","subgroup: 11.5<br />stage: Operator B<br />UCL: -4.095176","subgroup: 12.5<br />stage: Operator B<br />UCL: -4.095176","subgroup: 13.5<br />stage: Operator B<br />UCL: -4.095176","subgroup: 14.5<br />stage: Operator B<br />UCL: -4.095176","subgroup: 15.5<br />stage: Operator B<br />UCL: -4.095176","subgroup: 16.5<br />stage: Operator B<br />UCL: -4.095176","subgroup: 17.5<br />stage: Operator B<br />UCL: -4.095176","subgroup: 18.5<br />stage: Operator B<br />UCL: -4.095176","subgroup: 19.5<br />stage: Operator B<br />UCL: -4.095176","subgroup: 20.5<br />stage: Operator B<br />UCL: -4.095176",null,"subgroup: 20.5<br />stage: Operator C<br />UCL: -4.095176","subgroup: 21.5<br />stage: Operator C<br />UCL: -4.095176","subgroup: 22.5<br />stage: Operator C<br />UCL: -4.095176","subgroup: 23.5<br />stage: Operator C<br />UCL: -4.095176","subgroup: 24.5<br />stage: Operator C<br />UCL: -4.095176","subgroup: 25.5<br />stage: Operator C<br />UCL: -4.095176","subgroup: 26.5<br />stage: Operator C<br />UCL: -4.095176","subgroup: 27.5<br />stage: Operator C<br />UCL: -4.095176","subgroup: 28.5<br />stage: Operator C<br />UCL: -4.095176","subgroup: 29.5<br />stage: Operator C<br />UCL: -4.095176","subgroup: 30.5<br />stage: Operator C<br />UCL: -4.095176"],"type":"scatter","mode":"lines","line":{"width":5.66929133858268,"color":"rgba(255,0,0,1)","dash":"dash","shape":"hv"},"hoveron":"points","showlegend":false,"xaxis":"x","yaxis":"y","hoverinfo":"text","frame":null},{"x":[0.5,1.5,2.5,3.5,4.5,5.5,6.5,7.5,8.5,9.5,10.5,"NA",10.5,11.5,12.5,13.5,14.5,15.5,16.5,17.5,18.5,19.5,20.5,"NA",20.5,21.5,22.5,23.5,24.5,25.5,26.5,27.5,28.5,29.5,30.5],"y":[-5.01593527404699,-5.01593527404699,-5.01593527404699,-5.01593527404699,-5.01593527404699,-5.01593527404699,-5.01593527404699,-5.01593527404699,-5.01593527404699,-5.01593527404699,-5.01593527404699,"NA",-5.01593527404699,-5.01593527404699,-5.01593527404699,-5.01593527404699,-5.01593527404699,-5.01593527404699,-5.01593527404699,-5.01593527404699,-5.01593527404699,-5.01593527404699,-5.01593527404699,"NA",-5.01593527404699,-5.01593527404699,-5.01593527404699,-5.01593527404699,-5.01593527404699,-5.01593527404699,-5.01593527404699,-5.01593527404699,-5.01593527404699,-5.01593527404699,-5.01593527404699],