{"data":[{"x":[0.5,1.5,2.5,3.5,4.5,5.5,6.5,7.5,8.5,9.5,10.5,"NA",10.5,11.5,12.5,13.5,14.5,15.5,16.5,17.5,18.5,19.5,20.5,"NA",20.5,21.5,22.5,23.5,24.5,25.5,26.5,27.5,28.5,29.5,30.5],"y":[1.64684708266667,1.64684708266667,1.64684708266667,1.64684708266667,1.64684708266667,1.64684708266667,1.64684708266667,1.64684708266667,1.64684708266667,1.64684708266667,1.64684708266667,"NA",1.64684708266667,1.64684708266667,1.64684708266667,1.64684708266667,1.64684708266667,1.64684708266667,1.64684708266667,1.64684708266667,1.64684708266667,1.64684708266667,1.64684708266667,"NA",1.64684708266667,1.64684708266667,1.64684708266667,1.64684708266667,1.64684708266667,1.64684708266667,1.64684708266667,1.64684708266667,1.64684708266667,1.64684708266667,1.64684708266667],"text":["subgroup:  0.5<br />stage: A<br />center: 1.646847","subgroup:  1.5<br />stage: A<br />center: 1.646847","subgroup:  2.5<br />stage: A<br />center: 1.646847","subgroup:  3.5<br />stage: A<br />center: 1.646847","subgroup:  4.5<br />stage: A<br />center: 1.646847","subgroup:  5.5<br />stage: A<br />center: 1.646847","subgroup:  6.5<br />stage: A<br />center: 1.646847","subgroup:  7.5<br />stage: A<br />center: 1.646847","subgroup:  8.5<br />stage: A<br />center: 1.646847","subgroup:  9.5<br />stage: A<br />center: 1.646847","subgroup: 10.5<br />stage: A<br />center: 1.646847",null,"subgroup: 10.5<br />stage: B<br />center: 1.646847","subgroup: 11.5<br />stage: B<br />center: 1.646847","subgroup: 12.5<br />stage: B<br />center: 1.646847","subgroup: 13.5<br />stage: B<br />center: 1.646847","subgroup: 14.5<br />stage: B<br />center: 1.646847","subgroup: 15.5<br />stage: B<br />center: 1.646847","subgroup: 16.5<br />stage: B<br />center: 1.646847","subgroup: 17.5<br />stage: B<br />center: 1.646847","subgroup: 18.5<br />stage: B<br />center: 1.646847","subgroup: 19.5<br />stage: B<br />center: 1.646847","subgroup: 20.5<br />stage: B<br />center: 1.646847",null,"subgroup: 20.5<br />stage: C<br />center: 1.646847","subgroup: 21.5<br />stage: C<br />center: 1.646847","subgroup: 22.5<br />stage: C<br />center: 1.646847","subgroup: 23.5<br />stage: C<br />center: 1.646847","subgroup: 24.5<br />stage: C<br />center: 1.646847","subgroup: 25.5<br />stage: C<br />center: 1.646847","subgroup: 26.5<br />stage: C<br />center: 1.646847","subgroup: 27.5<br />stage: C<br />center: 1.646847","subgroup: 28.5<br />stage: C<br />center: 1.646847","subgroup: 29.5<br />stage: C<br />center: 1.646847","subgroup: 30.5<br />stage: C<br />center: 1.646847"],"type":"scatter","mode":"lines","line":{"width":3.77952755905512,"color":"rgba(0,255,0,1)","dash":"solid","shape":"hv"},"hoveron":"points","showlegend":false,"xaxis":"x","yaxis":"y","hoverinfo":"text","frame":null},{"x":[0.5,1.5,2.5,3.5,4.5,5.5,6.5,7.5,8.5,9.5,10.5,"NA",10.5,11.5,12.5,13.5,14.5,15.5,16.5,17.5,18.5,19.5,20.5,"NA",20.5,21.5,22.5,23.5,24.5,25.5,26.5,27.5,28.5,29.5,30.5],"y":[4.23939099567505,4.23939099567505,4.23939099567505,4.23939099567505,4.23939099567505,4.23939099567505,4.23939099567505,4.23939099567505,4.23939099567505,4.23939099567505,4.23939099567505,"NA",4.23939099567505,4.23939099567505,4.23939099567505,4.23939099567505,4.23939099567505,4.23939099567505,4.23939099567505,4.23939099567505,4.23939099567505,4.23939099567505,4.23939099567505,"NA",4.23939099567505,4.23939099567505,4.23939099567505,4.23939099567505,4.23939099567505,4.23939099567505,4.23939099567505,4.23939099567505,4.23939099567505,4.23939099567505,4.23939099567505],"text":["subgroup:  0.5<br />stage: A<br />UCL: 4.239391","subgroup:  1.5<br />stage: A<br />UCL: 4.239391","subgroup:  2.5<br />stage: A<br />UCL: 4.239391","subgroup:  3.5<br />stage: A<br />UCL: 4.239391","subgroup:  4.5<br />stage: A<br />UCL: 4.239391","subgroup:  5.5<br />stage: A<br />UCL: 4.239391","subgroup:  6.5<br />stage: A<br />UCL: 4.239391","subgroup:  7.5<br />stage: A<br />UCL: 4.239391","subgroup:  8.5<br />stage: A<br />UCL: 4.239391","subgroup:  9.5<br />stage: A<br />UCL: 4.239391","subgroup: 10.5<br />stage: A<br />UCL: 4.239391",null,"subgroup: 10.5<br />stage: B<br />UCL: 4.239391","subgroup: 11.5<br />stage: B<br />UCL: 4.239391","subgroup: 12.5<br />stage: B<br />UCL: 4.239391","subgroup: 13.5<br />stage: B<br />UCL: 4.239391","subgroup: 14.5<br />stage: B<br />UCL: 4.239391","subgroup: 15.5<br />stage: B<br />UCL: 4.239391","subgroup: 16.5<br />stage: B<br />UCL: 4.239391","subgroup: 17.5<br />stage: B<br />UCL: 4.239391","subgroup: 18.5<br />stage: B<br />UCL: 4.239391","subgroup: 19.5<br />stage: B<br />UCL: 4.239391","subgroup: 20.5<br />stage: B<br />UCL: 4.239391",null,"subgroup: 20.5<br />stage: C<br />UCL: 4.239391","subgroup: 21.5<br />stage: C<br />UCL: 4.239391","subgroup: 22.5<br />stage: C<br />UCL: 4.239391","subgroup: 23.5<br />stage: C<br />UCL: 4.239391","subgroup: 24.5<br />stage: C<br />UCL: 4.239391","subgroup: 25.5<br />stage: C<br />UCL: 4.239391","subgroup: 26.5<br />stage: C<br />UCL: 4.239391","subgroup: 27.5<br />stage: C<br />UCL: 4.239391","subgroup: 28.5<br />stage: C<br />UCL: 4.239391","subgroup: 29.5<br />stage: C<br />UCL: 4.239391","subgroup: 30.5<br />stage: C<br />UCL: 4.239391"],"type":"scatter","mode":"lines","line":{"width":5.66929133858268,"color":"rgba(255,0,0,1)","dash":"dash","shape":"hv"},"hoveron":"points","showlegend":false,"xaxis":"x","yaxis":"y","hoverinfo":"text","frame":null},{"x":[0.5,1.5,2.5,3.5,4.5,5.5,6.5,7.5,8.5,9.5,10.5,"NA",10.5,11.5,12.5,13.5,14.5,15.5,16.5,17.5,18.5,19.5,20.5,"NA",20.5,21.5,22.5,23.5,24.5,25.5,26.5,27.5,28.5,29.5,30.5],"y":[0,0,0,0,0,0,0,0,0,0,0,"NA",0,0,0,0,0,0,0,0,0,0,0,"NA",0,0,0,0,0,0,0,0,0,0,0],"text":["subgroup:  0.5<br />stage: A<br />LCL: 0","subgroup:  1.5<br />stage: A<br />LCL: 0","subgroup:  2.5<br />stage: A<br />LCL: 0","subgroup:  3.5<br />stage: A<br />LCL: 0","subgroup:  4.5<br />stage: A<br />LCL: 0","subgroup:  5.5<br />stage: A<br />LCL: 0","subgroup:  6.5<br />stage: A<br />LCL: 0","subgroup:  7.5<br />stage: A<br />LCL: 0","subgroup:  8.5<br />stage: A<br />LCL: 0","subgroup:  9.5<br />stage: A<br />LCL: 0","subgroup: 10.5<br />stage: A<br />LCL: 0",null,"subgroup: 10.5<br />stage: B<br />LCL: 0","subgroup: 11.5<br />stage: B<br />LCL: 0","subgroup: 12.5<br />stage: B<br />LCL: 0","subgroup: 13.5<br />stage: B<br />LCL: 0","subgroup: 14.5<br />stage: B<br />LCL: 0","subgroup: 15.5<br />stage: B<br />LCL: 0","subgroup: 16.5<br />stage: B<br />LCL: 0","subgroup: 17.5<br />stage: B<br />LCL: 0","subgroup: 18.5<br />stage: B<br />LCL: 0","subgroup: 19.5<br />stage: B<br />LCL: 0","subgroup: 20.5<br />stage: B<br />LCL: 0",null,"subgroup: 20.5<br />stage: C<br />LCL: 0","subgroup: 21.5<br />stage: C<br />LCL: 0","subgroup: 22.5<br />stage: C<br />LCL: 0","subgroup: 23.5<br />stage: C<br />LCL: 0","subgroup: 24.5<br />stage: C<br />LCL: 0","subgroup: 25.5<br />stage: C<br />LCL: 0","subgroup: 26.5<br />stage: C<br />LCL: 0","subgroup: 27.5<br />stage: C<br />LCL: 0","subgroup: 28.5<br />stage: C<br />LCL: 0","subgroup: 29.5<br />stage: C<br />LCL: 0","subgroup: 30.5<br />stage: C<br />LCL: 0"],"type":"scatter","mode":"lines","line":{"width":5.66929133858268,"color":"rgba(255,0,0,1)","dash":"dash","shape":"hv"},"hoveron":"points","showlegend":false,"xaxis":"x","yaxis":"y","hoverinfo":"text","frame":null},{"x":[10.5,10.5,"NA",20.5,20.5],"y":[-0.25,5.25,"NA",-0.25,5.25],"text":["xintercept: 10.5","xintercept: 10.5",null,"xintercept: 20.5","xintercept: 20.5"],"type":"scatter","mode":"lines","line":{"width":1.88976377952756,"color":"rgba(0,0,0,1)","dash":"solid"},"hoveron":"points","showlegend":false,"xaxis":"x","yaxis":"y","hoverinfo":"text","frame":null},{"x":[5.5,15,25],"y":[5,5,5],"text":["A","B","C"],"hovertext":["x:  5.5<br />y: 5<br />label: A","x: 15.0<br />y: 5<br />label: B","x: 25.0<br />y: 5<br />label: C"],"textfont":{"size":22.6771653543307,"color":"rgba(0,0,0,1)"},"type":"scatter","mode":"text","hoveron":"points","showlegend":false,"xaxis":"x","yaxis":"y","hoverinfo":"text",